<?xml version="1.0" encoding="utf-8"?>

<!--
This file is subject to the terms and conditions defined in the "LICENSE.txt"
file, which is part of this source code package and is also available on the
page: https://raw.githubusercontent.com/ocmod-space/license/main/LICENSE.txt.
-->

<modification>
	<name>[underr] Enhanced Options+ > Journal 3</name>
	<code>enhanced-options-j3</code>
	<version>1.0.0</version>
	<author>Andrii Burkatskyi aka underr</author>
	<link>https://www.opencart.com/index.php?route=marketplace/extension&amp;filter_member=ocmod.space</link>

	<file path="system/library/cart/cart.php" error="log">
		<operation error="log">
			<search>
				<![CDATA[$option_value['price'] .= ]]>
			</search>
			<add position="replace"><![CDATA[// $option_value['price'] .= ]]></add>
		</operation>

		<operation error="log">
			<search>
				<![CDATA[if ($enhanced_options['original_prices'] && $option_value['price'] && !is_null($option_value['original_price'])) {]]>
			</search>
			<add position="after"><![CDATA[$option_value['price'] .= ' ,' . $text['original_price'] . $option_value['original_price'];]]></add>
		</operation>
	</file>


</modification>
